﻿{
  "parameters": [
    {
      "name": "data-tchmi-bonlight",
      "displayName": "bOnLight",
      "visible": true,
      "type": "tchmi:general#/definitions/BOOL",
      "category": "",
      "description": "",
      "defaultValue": false,
      "defaultValueInternal": false,
      "requiredOnCompile": false,
      "readOnly": false,
      "bindable": true,
      "heritable": true,
      "propertyName": "bOnLight",
      "propertySetterName": "setBOnLight",
      "propertyGetterName": "getBOnLight",
      "refTo": ""
    },
    {
      "name": "data-tchmi-bwarninglight",
      "displayName": "bWarningLight",
      "visible": true,
      "type": "tchmi:general#/definitions/BOOL",
      "category": "",
      "description": "",
      "defaultValue": false,
      "defaultValueInternal": false,
      "requiredOnCompile": false,
      "readOnly": false,
      "bindable": true,
      "heritable": true,
      "propertyName": "bWarningLight",
      "propertySetterName": "setBWarningLight",
      "propertyGetterName": "getBWarningLight",
      "refTo": ""
    },
    {
      "name": "data-tchmi-balarmlight",
      "displayName": "bAlarmLight",
      "visible": true,
      "type": "tchmi:general#/definitions/BOOL",
      "category": "",
      "description": "",
      "defaultValue": false,
      "defaultValueInternal": false,
      "requiredOnCompile": false,
      "readOnly": false,
      "bindable": true,
      "heritable": true,
      "propertyName": "bAlarmLight",
      "propertySetterName": "setBAlarmLight",
      "propertyGetterName": "getBAlarmLight",
      "refTo": ""
    },
    {
      "name": "data-tchmi-smessage",
      "displayName": "sMessage",
      "visible": true,
      "type": "tchmi:general#/definitions/String",
      "category": "",
      "description": "",
      "requiredOnCompile": false,
      "readOnly": false,
      "bindable": true,
      "heritable": true,
      "propertyName": "sMessage",
      "propertySetterName": "setSMessage",
      "propertyGetterName": "getSMessage",
      "refTo": ""
    },
    {
      "name": "data-tchmi-stdata",
      "displayName": "stData",
      "visible": true,
      "type": "tchmi:server#/definitions/PLC1.ARRAY (0..50) OF ST_VLTParameterData",
      "category": "",
      "description": "",
      "requiredOnCompile": false,
      "readOnly": false,
      "bindable": true,
      "heritable": true,
      "propertyName": "stData",
      "propertySetterName": "setStData",
      "propertyGetterName": "getStData",
      "refTo": ""
    }
  ],
  "virtualRights": [],
  "$schema": "../Packages/Beckhoff.TwinCAT.HMI.Framework.12.746.3/runtimes/native1.12-tchmi/Schema/UserControlConfig.Schema.json",
  "description": ""
}